{
  "failures": 0,
  "last_failure_ts": 1772144655.804291,
  "last_success_ts": 1772175107.5503159
}